Leandro Di Nardo Lazarin;Leandro.Lazarin12121990@dominio.com.br;12/12/1990
Luan Henrique Naves Felipe;Luan.Felipe10091992@dominio.com.br;10/09/1992
Pedro Matias;Pedro.Matias02091974@dominio.com.br;02/09/1974
Pedro Russomano;Pedro.Russomano09092006@dominio.com.br;09/09/2006
Lele O Lele;Lele.Lele45@dominio.com.br;45
Teste;Teste.345@dominio.com.br;345
Alessandra Silva Xavier;Alessandra.Xavier234@dominio.com.br;234
